[{
        "id": 1,
        "name": "张三",
        "age": 20,
        "gender": "男",
        "classId": 50
    },
    {
        "id": 2,
        "name": "李四",
        "age": 18,
        "gender": "女",
        "classId": 50
    },
    {
        "id": 3,
        "name": "王五",
        "age": 20,
        "gender": "男",
        "classId": 51
    },
    {
        "id": 4,
        "name": "李华",
        "age": 16,
        "gender": "男",
        "classId": 51
    },
    {
        "id": 5,
        "name": "韩梅梅",
        "age": 19,
        "gender": "女",
        "classId": 52
    },
    {
        "id": 6,
        "name": "马冬梅",
        "age": 23,
        "gender": "女",
        "classId": 52
    }
]